Date,0
2020-01-02,0.0
2020-01-03,0.0
2020-01-06,0.0
2020-01-07,0.0
2020-01-08,0.0
2020-01-09,0.0
2020-01-10,0.0
2020-01-13,0.0
2020-01-14,0.0
2020-01-15,0.0
2020-01-16,0.0
2020-01-17,0.0
2020-01-21,0.0
2020-01-22,0.0
2020-01-23,0.0
2020-01-24,0.0
2020-01-27,0.0
2020-01-28,0.0
2020-01-29,0.0
2020-01-30,0.0
2020-01-31,0.0
2020-02-03,0.0
2020-02-04,0.0
2020-02-05,0.0
2020-02-06,0.0
2020-02-07,0.0
2020-02-10,0.0
2020-02-11,0.0
2020-02-12,0.0
2020-02-13,0.0
2020-02-14,0.0
2020-02-18,0.0
2020-02-19,0.0
2020-02-20,0.0
2020-02-21,0.0
2020-02-24,0.0
2020-02-25,0.0
2020-02-26,0.0
2020-02-27,0.0
2020-02-28,0.0
2020-03-02,0.0
2020-03-03,0.0
2020-03-04,0.0
2020-03-05,0.0
2020-03-06,0.0
2020-03-09,0.0
2020-03-10,0.0
2020-03-11,0.0
2020-03-12,0.0
2020-03-13,0.0
2020-03-16,0.0
2020-03-17,0.0
2020-03-18,0.0
2020-03-19,0.0
2020-03-20,0.0
2020-03-23,0.0
2020-03-24,0.0
2020-03-25,0.0
2020-03-26,0.0
2020-03-27,0.0
2020-03-30,0.0
2020-03-31,0.0
2020-04-01,-0.005479241735488555
2020-04-02,0.009174570225989553
2020-04-03,0.0013260388589526077
2020-04-06,0.012474971830435881
2020-04-07,-0.014007800672421111
2020-04-08,0.0009117024760981244
2020-04-09,-0.006180046698982564
2020-04-13,0.019646778778691226
2020-04-14,0.030466650804816954
2020-04-15,0.00822659004739347
2020-04-16,0.02221097925858201
2020-04-17,-0.01061372473603939
2020-04-20,0.00275490988264892
2020-04-21,-0.01363751186723223
2020-04-22,0.015012595634690755
2020-04-23,-0.006579748977224788
2020-04-24,0.002521894826718089
2020-04-27,-0.006355462901392386
2020-04-28,-0.020940962549453036
2020-04-29,-0.0028918544808337783
2020-04-30,0.011666192530362407
2020-05-01,-0.005855276270839319
2020-05-04,0.011497154259703329
2020-05-05,0.010005689990109607
2020-05-06,0.0034907549874982936
2020-05-07,0.0002934761176981099
2020-05-08,-0.005154557196394338
2020-05-11,0.01648588850404955
2020-05-12,-0.006066043823636934
2020-05-13,0.005569709336758804
2020-05-14,0.0018618758496767409
2020-05-15,0.008413483875541479
2020-05-18,-0.015496417023485283
2020-05-19,-0.002184166233706666
2020-05-20,-0.0037693934021831715
2020-05-21,-0.008631294335523836
2020-05-22,0.005657501885788454
2020-05-26,-0.022300726606177497
2020-05-27,-0.0070957189753391835
2020-05-28,0.012066457252990907
2020-05-29,0.014507088566003638
2020-06-01,-0.0048979991651374516
2020-06-02,0.0004913486346664929
2020-06-03,-0.011178438521265651
2020-06-04,-0.011039134477651737
2020-06-05,-0.0004907467420388837
2020-06-08,-0.004742621968278085
2020-06-09,0.010229512301333028
2020-06-10,0.016676335641500308
2020-06-11,-0.011084500192027096
2020-06-12,-0.003367248107178948
2020-06-15,0.004616731467255711
2020-06-16,0.01217431239012566
2020-06-17,0.006896003640725945
2020-06-18,-0.00030678617446605583
2020-06-19,0.007406758150473352
2020-06-22,0.007640794199556215
2020-06-23,0.0022842156791065067
2020-06-24,-0.0050042945802150325
2020-06-25,0.006550309392022268
2020-06-26,-0.005376691316600483
2020-06-29,-0.0022566740581538743
2020-06-30,0.013193761108102626
2020-07-01,0.0036013098336764213
2020-07-02,0.002881098692783075
2020-07-06,0.01413274056686844
2020-07-07,-0.007440330199731867
2020-07-08,0.011941897113033518
2020-07-09,0.0013761204885185127
2020-07-10,0.004452299325004827
2020-07-13,-0.015849492495904192
2020-07-14,0.00425307826123825
2020-07-15,0.004204910200694057
2020-07-16,-0.005817780152512626
2020-07-17,0.0013807412617981075
2020-07-20,0.018445959594859365
2020-07-21,-0.008497137833617396
2020-07-22,0.001531572298582595
2020-07-23,-0.014124894422200007
2020-07-24,-0.0016050814565610404
2020-07-27,0.01253088209421017
2020-07-28,-0.008778168645882066
2020-07-29,0.010418186375055365
2020-07-30,0.007368545760949946
2020-07-31,0.012000530720183313
2020-08-03,0.004174747338991716
2020-08-04,0.0006904245232734782
2020-08-05,0.006638501625218725
2020-08-06,0.000541860392113759
2020-08-07,0.002145015150606366
2020-08-10,0.002600397820884233
2020-08-11,-0.004670472049634956
2020-08-12,0.011413312458335472
2020-08-13,0.0030795259782682863
2020-08-14,-0.0006531711316812301
2020-08-17,0.006259623462507574
2020-08-18,0.00045750496531861884
2020-08-19,0.00018084736528170455
2020-08-20,0.003753703830879661
2020-08-21,0.007525960417108651
2020-08-24,0.006909201743904677
2020-08-25,0.0001883548000146356
2020-08-26,0.006246006985488599
2020-08-27,-0.003105753457204186
2020-08-28,0.003165416246293678
2020-08-31,0.0034375280085599605
2020-09-01,0.013065867261799487
2020-09-02,0.0008630900410892771
2020-09-03,-0.029305743052299108
2020-09-04,-0.011572049389715122
2020-09-08,-0.022062594861399706
2020-09-09,0.022738055055871932
2020-09-10,-0.00680289379658979
2020-09-11,-0.004585756337395553
2020-09-14,0.008890917953426182
2020-09-15,0.010604952173334875
2020-09-16,-0.017401563655019395
2020-09-17,-0.0072063159902533164
2020-09-18,-0.006585559634258177
2020-09-21,0.011816946526129569
2020-09-22,0.013750251233295048
2020-09-23,-0.012689999159386987
2020-09-24,0.0029220984983078955
2020-09-25,0.014742051735642938
2020-09-28,0.008916067654808065
2020-09-29,0.004467708752968418
2020-09-30,0.0035327751737630475
2020-10-01,0.0031105574301257153
2020-10-02,-0.0028276544191378873
2020-10-05,0.010069316157562921
2020-10-06,-0.004280383506988514
2020-10-07,0.009527474261480397
2020-10-08,-0.0019343574004251091
2020-10-09,0.005561877321127713
2020-10-12,0.004393244612826983
2020-10-13,0.003681512935126709
2020-10-14,0.0009548532998449033
2020-10-15,0.0006769749651178137
2020-10-16,0.0022468426037767332
2020-10-19,-0.004283294843227391
2020-10-20,0.004236274484866558
2020-10-21,-0.004662935187777877
2020-10-22,-0.00443664792607314
2020-10-23,0.0036342569881160514
2020-10-26,-0.00573818695788861
2020-10-27,0.003947776212134273
2020-10-28,-0.01768312536155562
2020-10-29,0.005808007437640493
2020-10-30,-0.012897618736078132
2020-11-02,0.001862823901402846
2020-11-03,0.010568281137319082
2020-11-04,0.009280001059128597
2020-11-05,0.021029504871627996
2020-11-06,0.005289149420062395
2020-11-09,-0.0379675814902032
2020-11-10,-0.012204427331218069
2020-11-11,0.015126653660953235
2020-11-12,-0.000488215006826134
2020-11-13,-0.0006537083321030414
2020-11-16,0.0039794230200287896
2020-11-17,0.004682131109011848
2020-11-18,-0.0008239368304336567
2020-11-19,0.0049932834060833885
2020-11-20,-0.0005318490604317642
2020-11-23,0.004627917917779811
2020-11-24,-0.0006155189425723251
2020-11-25,0.0017142477123851005
2020-11-27,0.002101572134256634
2020-11-30,0.009396359307217134
2020-12-01,-0.00037431929235802225
2020-12-02,-0.0008742361059254084
2020-12-03,-0.002827294418532515
2020-12-04,0.004930350169541353
2020-12-07,0.004467745815077454
2020-12-08,-0.0019478829165476455
2020-12-09,-0.006631066237038715
2020-12-10,-0.00043855445694807255
2020-12-11,-0.002475878995578177
2020-12-14,0.00026050689794430125
2020-12-15,0.007833342667234903
2020-12-16,0.0019107119055123921
2020-12-17,0.006343048737994067
2020-12-18,-0.0022633620153118704
2020-12-21,0.005215668885224275
2020-12-22,0.0051144117076572645
2020-12-23,-0.004867414515315119
2020-12-24,-0.0005180451404810509
2020-12-28,-0.002034877245771915
2020-12-29,-0.004609454519272593
2020-12-30,0.001479185324099697
2020-12-31,-0.0012743471741908398
2021-01-04,-0.00524097246069718
2021-01-05,0.0071305395624068155
2021-01-06,0.01750580013663976
2021-01-07,0.00989278001656569
2021-01-08,-0.0006230873911219527
2021-01-11,0.003941675431010719
2021-01-12,0.009271414918557363
2021-01-13,-0.0036038781488492225
2021-01-14,0.002638747656409151
2021-01-15,-0.011250754650866484
2021-01-19,0.002092612557634117
2021-01-20,0.00234284326154212
2021-01-21,0.0018891727023922882
2021-01-22,-0.0007895503335919546
2021-01-25,-0.006797961072548004
2021-01-26,-0.0065089363357562725
2021-01-27,-0.01926742389225939
2021-01-28,0.009084981222146054
2021-01-29,-0.010340829078155384
2021-02-01,0.008725705824910822
2021-02-02,0.017380422874846
2021-02-03,-0.0025636682012271338
2021-02-04,0.0053630072646187864
2021-02-05,0.0033383754011425165
2021-02-08,0.010473589425919914
2021-02-09,-0.0009126704830121721
2021-02-10,0.0002608632445514012
2021-02-11,0.0006317591725516172
2021-02-12,0.005627513382146938
2021-02-16,0.005177060420438768
2021-02-17,-0.005093686874757766
2021-02-18,-0.00628975009595405
2021-02-19,0.011906116392585014
2021-02-22,-0.0012528097063212893
2021-02-23,-0.0002794251456377953
2021-02-24,0.012393885538117638
2021-02-25,-0.014326553981906905
2021-02-26,0.0004619769254003382
2021-03-01,0.01635446981338175
2021-03-02,-0.002053463630237229
2021-03-03,0.006019017119189823
2021-03-04,-0.00798808038765347
2021-03-05,0.004334407765343861
2021-03-08,0.005281237528869715
2021-03-09,-0.0029945515877059375
2021-03-10,0.008859336538499338
2021-03-11,-0.0005672907745016382
2021-03-12,0.01182808449527728
2021-03-15,-0.004475726853595729
2021-03-16,-0.011160677159746127
2021-03-17,0.008424810239479368
2021-03-18,-0.001163418646149549
2021-03-19,-0.005014992896177274
2021-03-22,-0.010481575532693759
2021-03-23,-0.017516476460301737
2021-03-24,-0.0020674334683535582
2021-03-25,0.012340810227076903
2021-03-26,0.0010882993836090213
2021-03-29,-0.010835570188385265
2021-03-30,0.012510131506760787
2021-03-31,-0.004161555279629233
2021-04-01,0.005838516949606866
2021-04-05,-0.00042283894803355013
2021-04-06,0.0005945560201944492
2021-04-07,0.0006862032615669474
2021-04-08,-0.002351935236718059
2021-04-09,0.0022582835016898926
2021-04-12,0.0012370801884204283
2021-04-13,-0.006304477450355971
2021-04-14,0.010251163277437688
2021-04-15,-0.006853334942588598
2021-04-16,0.00034920839294352683
2021-04-19,-0.00039022504548794383
2021-04-20,-0.020369941577793482
2021-04-21,0.011897687286231425
2021-04-22,-0.00594681974205242
2021-04-23,0.01277780343272306
2021-04-26,0.0071221502908976305
2021-04-27,0.0064949921533178166
2021-04-28,0.00457207612151299
2021-04-29,0.005235519260521415
2021-04-30,-0.008245068345868727
2021-05-03,0.0044296105422337
2021-05-04,0.0010128247879512017
2021-05-05,0.008994173938801628
2021-05-06,0.006629596690757888
2021-05-07,0.0055097386205136215
2021-05-10,-0.0023300193049389075
2021-05-11,-0.012623986623914209
2021-05-12,-0.007136823658222295
2021-05-13,0.004191279841695029
2021-05-14,0.01441185116988843
2021-05-17,0.0038958939277548565
2021-05-18,-0.008305276856881736
2021-05-19,-0.0062519850857825614
2021-05-20,-0.004184944121428563
2021-05-21,0.007805966594120577
2021-05-24,0.0045816217876371666
2021-05-25,-0.006302494830777803
2021-05-26,0.005864348782812841
2021-05-27,0.012998291527198754
2021-05-28,-0.0022956173776098746
2021-06-01,0.013711236068338038
2021-06-02,-0.0017566389178640983
2021-06-03,0.002215881733790683
2021-06-04,-0.00010126819910431572
2021-06-07,-0.0016462568610820143
2021-06-08,0.0013708298191402754
2021-06-09,-0.008950339470129971
2021-06-10,-0.013363323917570658
2021-06-11,0.002205312962036103
2021-06-14,-0.009037753125169464
2021-06-15,0.0022079818949634644
2021-06-16,-0.0016572032205680665
2021-06-17,-0.025467828388429842
2021-06-18,-0.01256150080516302
2021-06-21,0.01636876388067089
2021-06-22,-2.9540314621669204e-05
2021-06-23,0.005236563416715492
2021-06-24,0.007389887628093236
2021-06-25,0.003596141745716714
2021-06-28,-0.006974539650844832
2021-06-29,-0.0032188069229976204
2021-06-30,0.004537063208731058
2021-07-01,0.0034299903327999356
2021-07-02,-0.0009268880035324605
2021-07-06,-0.010067722770550434
2021-07-07,-0.0027589004673341
2021-07-08,-0.009964741018527049
2021-07-09,0.015578835232409051
2021-07-12,0.006744446701845199
2021-07-13,-0.005446765124059544
2021-07-14,-0.005010587479260279
2021-07-15,-0.00024558457284789154
2021-07-16,-0.009678650500895407
2021-07-19,-0.01692843386231742
2021-07-20,0.017914056267709522
2021-07-21,0.014515374401462158
2021-07-22,-0.008363678971463338
2021-07-23,0.0013439345409131595
2021-07-26,0.008177159960493108
2021-07-27,-0.005141854471814415
2021-07-28,0.003022169820040872
2021-07-29,0.00553270907998444
2021-07-30,-0.005401938076320249
2021-08-02,-0.0028709654402106757
2021-08-03,0.0044381633634258955
2021-08-04,0.0009275929330213306
2021-08-05,0.005151427731941313
2021-08-06,0.0064293425191186806
2021-08-09,0.0005445852127911345
2021-08-10,0.0014664051009154859
2021-08-11,0.00318491290303781
2021-08-12,0.0010334954946566051
2021-08-13,-0.0032030575611294515
2021-08-16,-0.0024052993429383935
2021-08-17,-0.008005593854839878
2021-08-18,-0.006970513721118194
2021-08-19,-0.0031513003762990944
2021-08-20,0.006327787431318669
2021-08-23,0.008416702628838977
2021-08-24,0.005341837519152615
2021-08-25,0.00590349603260053
2021-08-26,-0.003805006611671717
2021-08-27,0.010232606228968991
2021-08-30,-0.005781093491038229
2021-08-31,-0.0026662725182725958
2021-09-01,0.0014595398249493356
2021-09-02,-0.001564127316944717
2021-09-03,0.0018191522630425496
2021-09-07,-0.0008206981125700615
2021-09-08,0.0003989571627158209
2021-09-09,-0.0016721663070027833
2021-09-10,-0.0027976540245483964
2021-09-13,-0.004962792197462245
2021-09-14,0.0009388922157283683
2021-09-15,0.004639496218897545
2021-09-16,-0.0011394826490799894
2021-09-17,-0.006902722394073628
2021-09-20,-0.005872057229475642
2021-09-21,0.001299717109667598
2021-09-22,0.0006787806982758977
2021-09-23,0.0041081031397396175
2021-09-24,-0.000517708181951849
2021-09-27,-0.007635654906950817
2021-09-28,-0.016867403669978884
2021-09-29,-0.0002788486721038159
2021-09-30,-0.004696965175964915
2021-10-01,0.0031775218255215096
2021-10-04,-0.01087487502084027
2021-10-05,0.0102172954334062
2021-10-06,0.0016841547768983575
2021-10-07,0.004766088972797453
2021-10-08,-0.0011073683493518362
2021-10-11,-0.0016320357114805455
2021-10-12,0.0010121924684101126
2021-10-13,0.0025926784289172634
2021-10-14,0.007757767216570783
2021-10-15,0.003138006242028966
2021-10-18,0.008665765368540756
2021-10-19,0.004158795966018524
2021-10-20,4.1120966276888106e-05
2021-10-21,0.0015119815213634877
2021-10-22,0.0045847430086770015
2021-10-25,0.001003154682011206
2021-10-26,0.004332469042899538
2021-10-27,0.005268253979331915
2021-10-28,0.003033264258539583
2021-10-29,0.006759601251980333
2021-11-01,-0.0029787273337733853
2021-11-02,0.007180151471105359
2021-11-03,0.0032822132884854577
2021-11-04,-0.007225524339664785
2021-11-05,-0.003796122882006809
2021-11-08,0.001392814559812608
2021-11-09,-0.0028097791487274914
2021-11-10,-0.002814922667123575
2021-11-11,0.005892000246633393
2021-11-12,0.0009730995322627758
2021-11-15,-0.0021467335219945167
2021-11-16,-0.00020157328802818694
2021-11-17,-4.012304716924809e-05
2021-11-18,0.0051421567758376295
2021-11-19,-0.005136511819912146
2021-11-22,0.00532626356600366
2021-11-23,0.0056728301832624445
2021-11-24,0.00022374296246213422
2021-11-26,-0.007141008996777986
2021-11-29,0.0009049625733356798
2021-11-30,-0.0070930059141013045
2021-12-01,-0.009783071414126888
2021-12-02,-0.0010012362422195961
2021-12-03,-0.01055426951051491
2021-12-06,-0.004377259607554359
2021-12-07,0.016729281689709347
2021-12-08,0.0009332172040009922
2021-12-09,-0.007151983750637649
2021-12-10,0.010672645801834328
2021-12-13,-0.0043276484733415724
2021-12-14,-0.015088626213813256
2021-12-15,0.020008070882171367
2021-12-16,-0.014872962668452692
2021-12-17,-0.0075505934434584605
2021-12-20,-0.0016450423259597446
2021-12-21,0.005365229883616911
2021-12-22,0.008720945521339667
2021-12-23,0.0013400262180519084
2021-12-27,0.012707187322807392
2021-12-28,-0.005089458016176293
2021-12-29,0.0013957927868423789
2021-12-30,-0.0021734294653749297
2021-12-31,-0.000724926542025161
2022-01-03,-0.004424242327918413
2022-01-04,-0.0086826126159594
2022-01-05,-0.008952163916466964
2022-01-06,-0.008905428950921931
2022-01-07,-0.00948457306661743
2022-01-10,0.000773199977046843
2022-01-11,0.0037616879333241624
2022-01-12,0.0034752976268733696
2022-01-13,-0.013732253461984164
2022-01-14,-0.004225209159340459
2022-01-18,-0.009523196612704309
2022-01-19,-0.0028631117356894423
2022-01-20,-0.006045065651643039
2022-01-21,-0.0035657166866463917
2022-01-24,0.004390344710719963
2022-01-25,-0.012453113234913934
2022-01-26,0.0032245587641124415
2022-01-27,-0.003053941214093694
2022-01-28,0.012298346318192415
2022-01-31,0.012744564928582724
2022-02-01,0.005544086843286874
2022-02-02,0.010593491212489585
2022-02-03,-0.0006773886338739515
2022-02-04,0.0037881510238668946
2022-02-07,0.004879631779976091
2022-02-08,0.00015598893215324166
2022-02-09,-0.0025262955464992083
2022-02-10,-0.005045358522282226
2022-02-11,-0.002922532063066777
2022-02-14,-0.003595634912067224
2022-02-15,0.003939680372842154
2022-02-16,0.0014782436896850866
2022-02-17,-0.002966149892599413
2022-02-18,-0.0019036793412646788
2022-02-22,-0.008031270540163232
2022-02-23,-0.001921233066655701
2022-02-24,-0.0029185352893506687
2022-02-25,0.01380979177588953
2022-02-28,0.0012451846598674704
2022-03-01,-0.002865243876878504
2022-03-02,0.00700102684300313
2022-03-03,0.0008376670180897986
2022-03-04,0.00621762084819804
2022-03-07,-0.0008437026713989913
2022-03-08,-0.006510267111865888
2022-03-09,0.0014579569096410715
2022-03-10,0.002277088144323701
2022-03-11,-0.0018783104121580909
2022-03-14,0.0010131089805579508
2022-03-15,0.0025884009468786786
2022-03-16,-0.003238715000221222
2022-03-17,0.00650769838909566
2022-03-18,0.0002821848387536051
2022-03-21,0.009762831964825035
2022-03-22,0.001426278311136133
2022-03-23,0.003199928827422757
2022-03-24,0.0063433415300412615
2022-03-25,0.004594739027672695
2022-03-28,-0.003048626762146788
2022-03-29,-0.007654137153488302
2022-03-30,0.0028527174219938867
2022-03-31,-0.005623629753823084
2022-04-01,-0.0037534265011757093
2022-04-04,-0.00528237697041871
2022-04-05,-0.002294559921570859
2022-04-06,0.004536296048568145
2022-04-07,0.007284035084824385
2022-04-08,0.003394571082306689
2022-04-11,-0.006127946740304457
2022-04-12,0.002795926656365769
2022-04-13,0.0016873772882665867
2022-04-14,-0.0009414604370853458
2022-04-18,-0.00033269945161507877
2022-04-19,-0.0054405741303369184
2022-04-20,0.0039008016503687287
2022-04-21,-0.010644552895359014
2022-04-22,-0.008433882622228047
2022-04-25,-0.0023850869889018448
2022-04-26,-0.0014322733189625937
2022-04-27,0.006539050558720956
2022-04-28,0.007210820732171485
2022-04-29,-0.011844069545262589
2022-05-02,-0.008266817564933228
2022-05-03,0.0009052424759674366
2022-05-04,0.006381486668283339
2022-05-05,0.0009472448641623474
2022-05-06,0.00825400269735669
2022-05-09,-0.004477530578342178
2022-05-10,6.154643339209424e-05
2022-05-11,0.005920376678072264
2022-05-12,0.00037578305732801536
2022-05-13,-0.004949109319571283
2022-05-16,0.011648263652138778
2022-05-17,-0.003092489311886564
2022-05-18,-0.010535233389660734
2022-05-19,-0.008724225004659948
2022-05-20,0.0004368999282483646
2022-05-23,0.007013301746776107
2022-05-24,0.012476682241519522
2022-05-25,-0.0014709036417882525
2022-05-26,-0.00267896317869463
2022-05-27,-6.428588279214123e-05
2022-05-31,-0.008595012984701379
2022-06-01,-0.0014493443782037578
2022-06-02,-0.00830090472295213
2022-06-03,0.004537444141121257
2022-06-06,0.0015144002718526892
2022-06-07,0.00705483525091124
2022-06-08,-0.0052750683029455375
2022-06-09,-0.006798321384087987
2022-06-10,0.001928972715761198
2022-06-13,-0.006441789712357187
2022-06-14,-0.00661871808870846
2022-06-15,-0.005665322566274816
2022-06-16,0.0014558580220881223
2022-06-17,-0.005270608209945138
2022-06-21,0.015961697227307423
2022-06-22,0.0020295903585237024
2022-06-23,0.00251037342689591
2022-06-24,0.003620920100924241
2022-06-27,0.0062956223579868084
2022-06-28,0.002373107536635044
2022-06-29,0.0002455983624919671
2022-06-30,0.005390548125005124
2022-07-01,0.004786831602719902
2022-07-05,-0.016175021053821362
2022-07-06,0.0019864735403026324
2022-07-07,-0.005680254196116945
2022-07-08,0.0011859297010792483
2022-07-11,0.005978588607833381
2022-07-12,-0.0035399409003142087
2022-07-13,-0.004528021636250049
2022-07-14,-9.110248151573313e-05
2022-07-15,-0.000493690222853776
2022-07-18,-0.010362944454013116
2022-07-19,-0.005635193893260273
2022-07-20,-0.010796582515994312
2022-07-21,-0.006524900480795885
2022-07-22,0.0060635105357862255
2022-07-25,0.007409614888078867
2022-07-26,0.007143777292354891
2022-07-27,-0.005900613159357507
2022-07-28,0.0015059878672862262
2022-07-29,0.0011194291874622455
2022-08-01,-0.005407128241731254
2022-08-02,-0.0009757025787191971
2022-08-03,-0.00584181998040144
2022-08-04,-0.0059719864609088
2022-08-05,-0.00011227035327189029
2022-08-08,0.0009954262275165171
2022-08-09,0.008491119306376176
2022-08-10,-0.005851275894974226
2022-08-11,-0.003823997648376119
2022-08-12,0.004149084736074897
2022-08-15,0.0020605819231515323
2022-08-16,-0.0014420617491129053
2022-08-17,0.005575791301814287
2022-08-18,0.001425140531763088
2022-08-19,0.007669082658901403
2022-08-22,1.6081859805313465e-05
2022-08-23,-0.003024875207261067
2022-08-24,-1.3395177185981385e-05
2022-08-25,6.97959323496525e-05
2022-08-26,-0.0005434499421967309
2022-08-29,-0.002615118910922867
2022-08-30,-0.004567373908202982
2022-08-31,-0.0028168835196066815
2022-09-01,0.007091059516635278
2022-09-02,-0.004621380611893534
2022-09-06,0.002214115264285934
2022-09-07,0.003171827945216153
2022-09-08,-0.0023478877794409054
2022-09-09,-0.002255080936513283
2022-09-12,0.0017138094167683596
2022-09-13,-0.006227991725447732
2022-09-14,0.005013500895146372
2022-09-15,-0.005716046590019271
2022-09-16,0.0028819807964778977
2022-09-19,0.0008594808173240016
2022-09-20,-0.0015239115614254593
2022-09-21,-0.0030353259516443585
2022-09-22,0.008008129265931698
2022-09-23,-0.004956817943898543
2022-09-26,-0.004327724200916213
2022-09-27,-0.005294894474571753
2022-09-28,0.004504330084708387
2022-09-29,-0.004484067548736062
2022-09-30,-0.004008526027491259
2022-10-03,0.006607065375807332
2022-10-04,0.0030504670887538552
2022-10-05,0.0008271051293903871
2022-10-06,-0.006675055846714805
2022-10-07,-0.0024581246832500892
2022-10-10,0.002849300586665045
2022-10-11,0.007743102216914788
2022-10-12,-0.002564512477747159
2022-10-13,0.00998804290600369
2022-10-14,-0.002355273301399785
2022-10-17,0.0009127391447664216
2022-10-18,0.003253525748564748
2022-10-19,-0.002104950181295681
2022-10-20,-0.0013420861421411059
2022-10-21,0.006503117686321712
2022-10-24,0.006958147192184983
2022-10-25,-0.004328823501626279
2022-10-26,0.008862335232905664
2022-10-27,0.002889155964157256
2022-10-28,0.01256564281556916
2022-10-31,0.0007554444576330721
2022-11-01,-0.001031888020748522
2022-11-02,-0.0016662067706055277
2022-11-03,0.004643239024868741
2022-11-04,0.0015110468093650438
2022-11-07,0.0043232112288818045
2022-11-08,0.005528623623589911
2022-11-09,-0.0046690537325929865
2022-11-10,0.004183248597021704
2022-11-11,-0.013559974557884564
2022-11-14,-0.0010024896773624143
2022-11-15,0.0029405571403922273
2022-11-16,0.0017996991198050225
2022-11-17,0.0026308684088172185
2022-11-18,0.00392477255468696
2022-11-21,0.003594330552285985
2022-11-22,0.002367126282093188
2022-11-23,-0.00017885976224326055
2022-11-25,0.001692242270118994
2022-11-28,-0.002066127723697919
2022-11-29,-0.0028222015738368364
2022-11-30,0.002860054859081798
2022-12-01,-0.0029409608458886684
2022-12-02,0.0039204275088775215
2022-12-05,-0.00489852224040292
2022-12-06,-0.004167296175798012
2022-12-07,-0.0006240197027786512
2022-12-08,-0.0008073741857779419
2022-12-09,-0.006311992487108578
2022-12-12,0.0023939665220072516
2022-12-13,-0.0036340423634462827
2022-12-14,0.0027879469427906315
2022-12-15,-0.00799289945834472
2022-12-16,0.003415431222531969
2022-12-19,0.001517085211822219
2022-12-20,0.0021129025774690295
2022-12-21,0.004178781767173305
2022-12-22,-0.004933316063829876
2022-12-23,0.001449259076637543
2022-12-27,0.0010024567550831385
2022-12-28,-0.001982094238953802
2022-12-29,-0.00012488059385977647
2022-12-30,0.001055241069739637
2023-01-03,-0.0050569048109407305
2023-01-04,0.0035400201539868663
2023-01-05,0.0030428354887119835
2023-01-06,0.006693087072422322
2023-01-09,-0.008550439345466853
2023-01-10,0.004555794984083249
2023-01-11,-0.002078801971758138
2023-01-12,0.002997959028667909
2023-01-13,0.0036342367555017526
2023-01-17,-0.007623903328933146
2023-01-18,-0.008881004267570755
2023-01-19,-0.007763812916391279
2023-01-20,-0.0009604691662728725
2023-01-23,0.0012029928814050643
2023-01-24,0.007644838219036435
2023-01-25,-0.0021472999013652135
2023-01-26,0.004070758010561622
2023-01-27,-0.005559075878257597
2023-01-30,-0.0010941023501746597
2023-01-31,0.00041124994827665103
2023-02-01,-0.004651201911259192
2023-02-02,-0.01800046752639058
2023-02-03,0.0025557474751833477
2023-02-06,0.006285015403073555
2023-02-07,0.004634545241558739
2023-02-08,0.002611353423117204
2023-02-09,-0.0003477912905703686
2023-02-10,0.0053286533188807985
2023-02-13,0.002956164168315645
2023-02-14,-0.0012776610028956306
2023-02-15,-0.000285613439206905
2023-02-16,-0.003088025906538445
2023-02-17,-0.00020997553687289233
2023-02-21,-0.004778881514906027
2023-02-22,-0.000937708610901134
2023-02-23,0.0006773103607842638
2023-02-24,-0.0004902861410435383
2023-02-27,0.0015317157855826485
2023-02-28,-0.00030974011181075344
2023-03-01,-0.0004894974706507914
2023-03-02,6.5137252459709e-05
2023-03-03,0.009436011860462924
2023-03-06,-0.00040662096969633485
2023-03-07,-0.0076980410317919225
2023-03-08,-0.00023770959543907024
2023-03-09,-0.011008975220786555
2023-03-10,-0.00867405946630794
2023-03-13,-0.01178740245248936
2023-03-14,0.00857563668348587
2023-03-15,-0.018352239788721914
2023-03-16,0.006187324594588432
2023-03-17,-0.014923062157928584
2023-03-20,0.009808813088975566
2023-03-21,0.012155057531828592
2023-03-22,-0.012387410126489279
2023-03-23,-0.0002656152515443024
2023-03-24,-0.005091137125029649
2023-03-27,0.006169734455048981
2023-03-28,0.002665718963508765
2023-03-29,0.005729563003633642
2023-03-30,0.002133586415100602
2023-03-31,0.008432254968099422
2023-04-03,0.0028546508827608013
2023-04-04,-0.0031971873919577893
2023-04-05,-0.003113306328246194
2023-04-06,-0.004440650707621353
2023-04-10,0.002897080490022153
2023-04-11,0.0009549820129183941
2023-04-12,-0.0012503432117035571
2023-04-13,0.006096072581740801
2023-04-14,0.0005376948124981517
2023-04-17,0.0003342137711259657
2023-04-18,0.003988891237337776
2023-04-19,-0.0004122220355766114
2023-04-20,-0.006486331819515366
2023-04-21,0.0019092189523704582
2023-04-24,-0.0015812271732663777
2023-04-25,-0.006092788343886192
2023-04-26,-0.0019843388685505826
2023-04-27,0.009340275454080931
2023-04-28,0.006237845903530305
2023-05-01,0.0034785103473325336
2023-05-02,-0.0021265041348506046
2023-05-03,-0.004297658567438639
2023-05-04,-0.0006406395527988627
2023-05-05,0.007064274487815311
2023-05-08,0.0019848487095331345
2023-05-09,-0.0016731936603943994
2023-05-10,0.0031243842430935765
2023-05-11,0.0004490567730504619
2023-05-12,-0.0015493262056958579
2023-05-15,0.003233959614942454
2023-05-16,0.0024431029757450073
2023-05-17,0.004553015832592668
2023-05-18,0.008310282893624735
2023-05-19,-9.845170097582876e-05
2023-05-22,-0.006216472344931077
2023-05-23,-0.011194667267274593
2023-05-24,0.0008869120653629492
2023-05-25,0.02011349010082713
2023-05-26,0.009613756688888005
2023-05-30,-0.0026864263282513124
2023-05-31,-0.002446469289334761
2023-06-01,0.00226110221994917
2023-06-02,-0.0009338621192013784
2023-06-05,0.0008783012902855233
2023-06-06,0.00011321113212317476
2023-06-07,-0.01359131953327105
2023-06-08,0.008197873024850574
2023-06-09,0.004263230429204779
2023-06-12,0.008501350621522732
2023-06-13,-0.0022028166266354144
2023-06-14,0.0072937573581394275
2023-06-15,0.005924775113543857
2023-06-16,-0.00370269778050897
2023-06-20,-0.003251780155525798
2023-06-21,-0.007132188504064378
2023-06-22,0.007642824073771709
2023-06-23,-0.0008313090338910448
2023-06-26,-0.00553556053854787
2023-06-27,0.009121466819879359
2023-06-28,0.003912994525203066
2023-06-29,-0.0029266847798244764
2023-06-30,0.005774110778752445
2023-07-03,-0.002724810840877078
2023-07-05,0.003846542065871971
2023-07-06,-0.0038457920940785507
2023-07-07,-8.161047795478076e-05
2023-07-10,0.0007647291083399911
2023-07-11,0.0009093966538994404
2023-07-12,0.008230385087531145
2023-07-13,0.00881855022346318
2023-07-14,0.0015898245126215584
2023-07-17,0.0074260191339316425
2023-07-18,0.0051282244790611005
2023-07-19,-0.0034474264359975046
2023-07-20,-0.020536832537071004
2023-07-21,-0.005519688471159432
2023-07-24,-0.000987118042847178
2023-07-25,0.008509838345031787
2023-07-26,-0.003155274742660237
2023-07-27,0.001023329305397744
2023-07-28,0.013305130954941857
2023-07-31,0.005663700628629158
2023-08-01,0.0003274127633149083
2023-08-02,-0.01600782087250959
2023-08-03,-0.0014654532862436764
2023-08-04,-0.0012696068637409546
2023-08-07,0.0019251705361389515
2023-08-08,-5.2784960594869004e-05
2023-08-09,-0.0123965221964679
2023-08-10,0.0007923179934824565
2023-08-11,-0.004773438573242965
2023-08-14,0.014349861237805517
2023-08-15,-0.0013801715735351889
2023-08-16,-0.0065928001264310004
2023-08-17,-0.00725206062677888
2023-08-18,-0.0004097496153523096
2023-08-21,0.013449752142555565
2023-08-22,0.0003447797304426709
2023-08-23,0.011664624549075384
2023-08-24,-0.015760122145646104
2023-08-25,0.006063465181887571
2023-08-28,0.0033964824487649607
2023-08-29,0.013564753375342976
2023-08-30,0.00619715230402889
2023-08-31,0.0039999004041976
2023-09-01,-0.0017796316005665729
2023-09-05,0.006018332711280902
2023-09-06,-0.00026157495661504205
2023-09-07,-0.0002294855912253003
2023-09-08,0.0015880924274364828
2023-09-11,0.010494126813163387
2023-09-12,-0.01568866636193895
2023-09-13,0.0035220710234256463
2023-09-14,0.0001840315045469978
2023-09-15,-0.012168234716303947
2023-09-18,0.00026526391674234893
2023-09-19,0.0001631911160738422
2023-09-20,-0.012326252179833517
2023-09-21,-0.013615773944596898
2023-09-22,0.0019124395042414144
2023-09-25,0.00334953155901939
2023-09-26,-0.007797699474359711
2023-09-27,0.0067830724847648665
2023-09-28,0.008651286656012445
2023-09-29,-0.0009495314853411135
2023-10-02,0.006790255769123476
2023-10-03,-0.011444297763822019
2023-10-04,0.008114015938881173
2023-10-05,0.0013380499415211323
2023-10-06,0.01343193436688189
2023-10-09,0.0033959718948486355
2023-10-10,0.0009069085024500698
2023-10-11,0.007708445529741901
2023-10-12,0.0014190016948943663
2023-10-13,-0.010904303558547285
2023-10-16,0.005676959868850031
2023-10-17,-0.0008385086200449437
2023-10-18,-0.009005019401752249
2023-10-19,-0.006235858028322686
2023-10-20,-0.011021902774749969
2023-10-23,0.0029677098724458714
2023-10-24,0.007243770476916347
2023-10-25,-0.02239212896673279
2023-10-26,-0.016062377209318756
2023-10-27,0.006473274154754762
2023-10-30,0.008240884652652903
2023-10-31,-0.003557264543007103
2023-11-01,0.008424870669349608
2023-11-02,0.013204538513837617
2023-11-03,0.001077330666162129
2023-11-06,0.005002425060718859
2023-11-07,0.005749520032035091
2023-11-08,0.0031473898263281175
2023-11-09,-0.00427895109830307
2023-11-10,0.014577837734822612
2023-11-13,-0.00013964246656619468
2023-11-14,0.007476853033952286
2023-11-15,-0.004796857376028624
2023-11-16,-0.00599612967555306
2023-11-17,0.0019671890264938868
2023-11-20,0.007064015795492683
2023-11-21,-0.004657552867969553
2023-11-22,0.00032079079094083306
2023-11-24,-0.0009936868327325662
2023-11-27,-0.0017410997644207483
2023-11-28,0.00199674402259584
2023-11-29,-0.0012909401071177465
2023-11-30,-0.003671906682502323
2023-12-01,0.0008271044442446117
2023-12-04,-0.00401295591390969
2023-12-05,0.0011073463675063664
2023-12-06,-0.004484925334670873
2023-12-07,0.005152554389597653
2023-12-08,0.005378104199771005
2023-12-11,0.000577471699536623
2023-12-12,0.005477628421230884
2023-12-13,0.0038271796264629622
2023-12-14,-0.0024627137183229186
2023-12-15,0.00503854640850825
2023-12-18,0.00485767272437093
2023-12-19,0.001367130567209106
2023-12-20,-0.010553740917608677
2023-12-21,0.00406578590541906
2023-12-22,0.0008218472792668905
2023-12-26,0.0028817187497185096
2023-12-27,0.0015282941409469268
2023-12-28,-0.0004576817500690259
2023-12-29,-0.0014328359390681793
2024-01-02,-0.010561894018809144
2024-01-03,-0.004989328665288684
2024-01-04,-0.00013511012384216908
2024-01-05,0.0018907844450948986
2024-01-08,0.00428043857686124
2024-01-09,0.0003825022352908136
2024-01-10,0.0029213562074906826
2024-01-11,0.001264783929913233
2024-01-12,0.003995141030229604
2024-01-16,-0.002684292298141256
2024-01-17,-0.0011080017277332924
2024-01-18,0.005670999004704828
2024-01-19,0.010641353579894758
2024-01-22,0.00199387775576373
2024-01-23,-0.0009876027353486318
2024-01-24,0.0069549824576667155
2024-01-25,0.007459045901267479
2024-01-26,-0.00036206141728435757
2024-01-29,0.003623163476086888
2024-01-30,-0.0010945804007733287
2024-01-31,-0.005095407119735483
2024-02-01,0.005453095791102595
2024-02-02,0.014776714592647228
2024-02-05,0.002670139502527727
2024-02-06,-0.00709343703280344
2024-02-07,0.002399116500096565
2024-02-08,0.0025418556398724085
2024-02-09,0.0030821967547876943
2024-02-12,-0.004057360676560387
2024-02-13,-0.00574126857002983
2024-02-14,0.013675843871639351
2024-02-15,0.002698520499117039
2024-02-16,-0.004177803901760786
2024-02-20,-0.00596393861613943
2024-02-21,-0.0044215272755653715
2024-02-22,0.012484955821005278
2024-02-23,0.0006266414221236982
2024-02-26,0.0014195763753058694
2024-02-27,-0.0007673216774721703
2024-02-28,-0.002780691749560897
2024-02-29,0.005368012473110596
2024-03-01,0.010092816435694268
2024-03-04,0.005856075291629433
2024-03-05,-0.009556168102534238
2024-03-06,0.007234590960968417
2024-03-07,0.010114308974618194
2024-03-08,-0.015213078769137682
2024-03-11,-0.009335735246702604
2024-03-12,0.010267025058714513
2024-03-13,-0.005131630261887846
2024-03-14,-0.004730978773396899
2024-03-15,-0.007124598449135
2024-03-18,0.005479689979783589
2024-03-19,-0.00035916249140357853
2024-03-20,0.009337122010099667
2024-03-21,0.006096669503561313
2024-03-22,-0.003752080560422065
2024-03-25,-0.0021157438377626854
2024-03-26,-9.445900740240825e-05
2024-03-27,-0.00014728984948396157
2024-03-28,0.0017019692836145266
2024-04-01,-0.0005424543322754472
2024-04-02,-0.00296141733911967
2024-04-03,0.0077855009946039755
2024-04-04,-0.00990071328346424
2024-04-05,0.01448100213127756
2024-04-08,-0.0015805663402964365
2024-04-09,-0.00489041750215539
2024-04-10,-0.003012321606975199
2024-04-11,0.006425568817686829
2024-04-12,-0.006315296731636766
2024-04-15,-0.009695844062606073
2024-04-16,0.002523862937338672
2024-04-17,-0.007508915083326128
2024-04-18,-0.001446939545552823
2024-04-19,-0.014002418591403928
2024-04-22,0.005922737989491009
2024-04-23,0.013129794835179518
2024-04-24,-0.006665886069055203
2024-04-25,-0.006372627244083211
2024-04-26,0.005140524672232044
2024-04-29,-0.0008911809105395291
2024-04-30,-0.00700540774384543
2024-05-01,-0.004793752476714146
2024-05-02,0.007571165564441699
2024-05-03,0.004015755807727065
2024-05-06,0.014142785500541669
2024-05-07,-0.010049729135642716
2024-05-08,-0.0005125124792473466
2024-05-09,0.0024104191708063443
2024-05-10,-0.0009358673971826561
2024-05-13,-0.003851791900159847
2024-05-14,0.00483183382995152
2024-05-15,0.00678934818478775
2024-05-16,-0.004329859866537946
2024-05-17,-7.94938015715764e-05
2024-05-20,-0.00036971052944216576
2024-05-21,0.002693483283951101
2024-05-22,-0.007945820152410486
2024-05-23,-4.450625350480616e-05
2024-05-24,0.008576541010945038
2024-05-28,0.002416179364651926
2024-05-29,-0.00311513106623831
2024-05-30,-0.00029687863492862615
2024-05-31,0.0028907508289615384
2024-06-03,-0.0019242072812188861
2024-06-04,-0.003831954342967038
2024-06-05,0.008957643996516187
2024-06-06,-0.003117487643696528
2024-06-07,0.00014339547479555069
2024-06-10,0.0033123107665045657
2024-06-11,-0.0070808655057737376
2024-06-12,0.005868447938622066
2024-06-13,0.00132295368426295
2024-06-14,-0.0001354543199588145
2024-06-17,0.007209628932686361
2024-06-18,0.0042154389365368465
2024-06-20,-0.004502446514299293
2024-06-21,-0.007414409457584738
2024-06-24,-0.0033373574347472347
2024-06-25,0.001148209298006418
2024-06-26,-0.0027236806300189845
2024-06-27,-0.0005228454306457528
2024-06-28,0.005802864275728192
2024-07-01,0.0037587119080951825
2024-07-02,0.0043339665715318425
2024-07-03,0.0012945385462977432
2024-07-05,0.008141877542293032
2024-07-08,0.0006394384119888579
2024-07-09,0.003902578200029598
2024-07-10,0.0021945921748847412
2024-07-11,-0.013928125890907642
2024-07-12,-0.005731269550450797
2024-07-15,0.0034733042250145196
2024-07-16,-0.0017706519513996746
2024-07-17,-0.01623357391935186
2024-07-18,-0.005810094638047964
2024-07-19,0.0019542603852948496
2024-07-22,0.008744764391568672
2024-07-23,0.0058970591247009055
2024-07-24,-0.01738496402359448
2024-07-25,-0.0092815776456013
2024-07-26,-7.635153359659193e-05
2024-07-29,1.6375076431573044e-05
2024-07-30,-0.007457933310645336
2024-07-31,0.010734461702561166
2024-08-01,-0.0021617150245733323
2024-08-02,-0.01533587220877072
2024-08-05,-0.011310025035082674
2024-08-06,0.010436353766593852
2024-08-07,-0.0075878176763270935
2024-08-08,0.015068513471908171
2024-08-09,0.0066451837714601
2024-08-12,0.002376621701166589
2024-08-13,0.003700374469308021
2024-08-14,0.003931425927495362
2024-08-15,0.006273699845845549
2024-08-16,0.0010151843089427671
2024-08-19,0.0019315517602996437
2024-08-20,-0.00042405595122111273
2024-08-21,0.0026062793933707366
2024-08-22,-0.001668995972292058
2024-08-23,0.0036490242362936737
2024-08-26,-0.0014816076214323006
2024-08-27,-2.0318974202004295e-06
2024-08-28,-0.0006242215865706896
2024-08-29,0.0010115154249841097
2024-08-30,0.00526248077085591
2024-09-03,-0.006710773069931997
2024-09-04,0.002499298892991105
2024-09-05,-0.001183823244748615
2024-09-06,-0.006194342886988168
2024-09-09,0.008723817623428902
2024-09-10,0.003530400828677595
2024-09-11,0.004712432333694251
2024-09-12,0.0038783473151311077
2024-09-13,0.005656468448162798
2024-09-16,0.0021454434849768117
2024-09-17,-0.004378650285434077
2024-09-18,-0.001796550694146164
2024-09-19,0.004551512905745195
2024-09-20,0.00277767700394282
2024-09-23,0.00305794975824101
2024-09-24,-0.002135652047285673
2024-09-25,0.0003868778620294893
2024-09-26,-0.0026437451152937445
2024-09-27,0.0010814231691279002
2024-09-30,0.0025639389783808342
2024-10-01,0.0019337688980085158
2024-10-02,0.0008288362464795789
2024-10-03,-0.001361193531197734
2024-10-04,-0.0020283200074639905
2024-10-07,-0.0059625318392887644
2024-10-08,0.004546395304257651
2024-10-09,0.0017592129865229267
2024-10-10,-0.003852038760810752
2024-10-11,-0.0002745322731894414
2024-10-14,0.0035920086160097777
2024-10-15,0.0030128555221292817
2024-10-16,0.0025363244061010802
2024-10-17,-0.00012724664134842697
2024-10-18,0.006359795472448272
2024-10-21,-6.558488390984575e-05
2024-10-22,0.0008836190256703825
2024-10-23,0.003161493411270809
2024-10-24,0.0014440248485486438
2024-10-25,-0.005265809866992233
2024-10-28,0.0020593763270827514
2024-10-29,-0.006970702895430113
2024-10-30,-0.003489120603688776
2024-10-31,-0.0004736647122447472
2024-11-01,-0.003362463995147917
2024-11-04,-0.0022016653158299644
2024-11-05,0.010859525184051245
2024-11-06,0.007525501320425116
2024-11-07,0.008066318141866166
2024-11-08,0.005185429629358194
2024-11-11,0.0016770686410955099
2024-11-12,-0.002462981554646847
2024-11-13,-0.0007293564610790659
2024-11-14,-0.00252957021308305
2024-11-15,-0.0022902215021497
2024-11-18,0.0026882254123513387
2024-11-19,0.003887436858166506
2024-11-20,0.0036661683161557453
2024-11-21,0.0035112198572844477
2024-11-22,0.0035609225362981346
2024-11-25,-0.0038893009503532055
2024-11-26,0.006883388602821408
2024-11-27,-0.0024094763654228654
2024-11-29,0.003812018678552919
2024-12-02,-0.002289368241209899
2024-12-03,0.004768326050046362
2024-12-04,0.00967015224424779
2024-12-05,0.006269285663305018
2024-12-06,0.004387687525504667
2024-12-09,-0.011901940529026133
2024-12-10,0.00023028612319772818
2024-12-11,0.003470733489034295
2024-12-12,-0.0020368495237433346
2024-12-13,-0.00025861801314405687
2024-12-16,0.0015571161329805884
2024-12-17,-0.003869426169217438
2024-12-18,-0.014140205128502763
2024-12-19,0.0035415961547225613
2024-12-20,0.004192230358264893
2024-12-23,-0.0011079082620276705
2024-12-24,0.007350732036890389
2024-12-26,0.00033090730038262933
2024-12-27,-0.0062103843974532485
2024-12-30,-0.005756328361873979
2024-12-31,-0.0028241206440102733
